t,dtMs,drawCalls,setPass,batches,bullets
3.377,3377.26,0,0,0,0
4.381,1004.14,0,0,0,0
4.418,36.90,30,28,30,0
4.426,8.01,30,28,30,0
4.433,6.37,30,28,30,0
4.437,4.66,30,28,30,0
4.444,6.43,30,28,30,0
4.449,4.82,30,28,30,0
4.453,4.43,30,28,30,0
4.457,3.96,30,28,30,0
4.462,4.77,30,28,30,0
4.467,5.40,30,28,30,0
4.471,4.00,30,28,30,0
4.477,5.37,30,28,30,0
4.481,4.89,30,28,30,0
4.487,5.23,30,28,30,0
4.491,4.69,30,28,30,0
4.497,5.69,30,28,30,0
4.503,5.62,30,28,30,0
4.510,7.51,30,28,30,0
4.516,5.42,30,28,30,0
4.520,4.52,30,28,30,0
4.525,4.57,30,28,30,0
4.530,5.51,30,28,30,0
4.535,4.86,30,28,30,0
4.540,5.00,30,28,30,0
4.545,5.12,30,28,30,0
4.550,4.76,30,28,30,0
4.555,5.06,30,28,30,0
4.560,4.78,30,28,30,0
4.564,4.61,30,28,30,0
4.571,6.47,30,28,30,0
4.575,4.52,30,28,30,0
4.580,4.49,30,28,30,0
4.585,5.51,30,28,30,0
4.593,7.28,30,28,30,0
4.597,4.70,30,28,30,0
4.603,5.76,30,28,30,0
4.610,7.05,30,28,30,0
4.618,7.66,30,28,30,0
4.623,5.58,30,28,30,0
4.629,5.68,30,28,30,0
4.636,6.49,30,28,30,0
4.641,5.10,30,28,30,0
4.646,5.28,30,28,30,0
4.652,6.38,30,28,30,0
4.657,4.79,30,28,30,0
4.663,5.44,30,28,30,0
4.708,45.42,30,28,30,0
4.714,6.21,30,28,30,0
4.719,4.33,30,28,30,0
4.723,4.63,30,28,30,0
4.729,5.47,30,28,30,0
4.733,4.56,30,28,30,0
4.738,4.46,30,28,30,0
4.744,6.36,30,28,30,0
4.748,4.35,30,28,30,0
4.752,4.14,30,28,30,0
4.758,5.12,30,28,30,0
4.762,4.53,30,28,30,0
4.766,4.33,30,28,30,0
4.772,5.33,30,28,30,0
4.777,5.55,30,28,30,0
4.781,4.14,30,28,30,0
4.787,5.41,30,28,30,0
4.792,4.82,30,28,30,0
4.796,4.49,30,28,30,0
4.801,5.25,30,28,30,0
4.807,5.63,30,28,30,0
4.812,4.83,30,28,30,0
4.817,5.31,30,28,30,0
4.822,4.29,30,28,30,0
4.826,4.36,30,28,30,0
4.831,4.83,30,28,30,0
4.836,5.32,30,28,30,0
4.841,5.05,30,28,30,0
4.847,5.87,30,28,30,0
4.853,5.70,30,28,30,0
4.857,4.27,30,28,30,0
4.861,4.06,30,28,30,0
4.866,4.97,30,28,30,0
4.873,7.00,30,28,30,0
4.878,5.14,30,28,30,0
4.884,5.72,30,28,30,0
4.888,4.32,30,28,30,0
4.893,4.71,30,28,30,0
4.898,5.06,30,28,30,0
4.902,4.15,30,28,30,0
4.907,5.39,30,28,30,0
4.912,5.04,30,28,30,0
4.917,4.72,30,28,30,0
4.921,4.30,30,28,30,0
4.927,5.41,30,28,30,0
4.931,4.43,30,28,30,0
4.936,4.41,30,28,30,0
4.941,5.61,30,28,30,0
4.946,4.88,30,28,30,0
4.951,4.30,30,28,30,0
4.955,4.57,30,28,30,0
4.960,4.93,30,28,30,0
4.966,5.59,30,28,30,0
5.019,53.55,30,28,30,0
5.027,7.46,30,28,30,0
5.032,5.81,30,28,30,0
5.038,5.38,30,28,30,0
5.042,4.56,30,28,30,0
5.047,4.62,30,28,30,0
5.052,5.19,30,28,30,0
5.056,4.27,30,28,30,0
5.061,4.38,30,28,30,0
5.066,4.85,30,28,30,0
5.072,6.00,30,28,30,0
5.076,4.74,30,28,30,0
5.081,5.05,30,28,30,0
5.088,6.29,30,28,30,0
5.094,6.02,30,28,30,0
5.101,6.89,30,28,30,0
5.107,6.25,30,28,30,0
5.113,6.32,30,28,30,0
5.118,5.23,30,28,30,0
5.123,4.18,30,28,30,0
5.127,4.67,30,28,30,0
5.132,4.31,30,28,30,0
5.137,5.22,30,28,30,0
5.142,5.16,30,28,30,0
5.147,4.72,30,28,30,0
5.152,5.15,30,28,30,0
5.156,4.38,30,28,30,0
5.161,4.33,30,28,30,0
5.165,4.60,30,28,30,0
5.170,5.25,30,28,30,0
5.176,5.09,30,28,30,0
5.181,5.37,30,28,30,0
5.185,4.55,30,28,30,0
5.191,5.08,30,28,30,0
5.195,4.49,30,28,30,0
5.200,5.30,30,28,30,0
5.206,5.23,30,28,30,0
5.210,4.48,30,28,30,0
5.215,4.83,30,28,30,0
5.220,5.04,30,28,30,0
5.224,4.48,30,28,30,0
5.229,4.28,30,28,30,0
5.233,4.35,30,28,30,0
5.238,4.77,30,28,30,0
5.244,5.72,30,28,30,0
5.248,4.65,30,28,30,0
5.255,6.40,30,28,30,0
5.261,6.67,30,28,30,0
5.268,6.31,30,28,30,0
5.312,44.89,30,28,30,0
5.318,5.42,30,28,30,0
5.324,5.90,30,28,30,0
5.329,5.65,30,28,30,0
5.335,5.27,30,28,30,0
5.339,4.71,30,28,30,0
5.345,6.05,30,28,30,0
5.350,4.65,30,28,30,0
5.354,4.41,30,28,30,0
5.360,5.62,30,28,30,0
5.367,6.55,30,28,30,0
5.375,7.98,30,28,30,0
5.381,6.05,30,28,30,0
5.386,5.49,30,28,30,0
5.391,5.32,30,28,30,0
5.396,4.88,30,28,30,0
5.402,5.26,30,28,30,0
5.407,5.04,30,28,30,0
5.412,5.18,30,28,30,0
5.417,5.55,30,28,30,0
5.423,5.38,30,28,30,0
5.428,5.15,30,28,30,0
5.433,4.75,30,28,30,0
5.438,5.15,30,28,30,0
5.443,4.87,30,28,30,0
5.448,5.36,30,28,30,0
5.453,5.36,30,28,30,0
5.459,5.37,30,28,30,0
5.463,4.35,30,28,30,0
5.469,5.58,30,28,30,0
5.474,5.47,30,28,30,0
5.480,6.18,30,28,30,0
5.486,5.35,30,28,30,0
5.490,4.67,30,28,30,0
5.495,4.99,30,28,30,0
5.501,5.48,30,28,30,0
5.506,4.83,30,28,30,0
5.512,6.75,30,28,30,0
5.518,5.53,30,28,30,0
5.523,5.27,30,28,30,0
5.533,9.37,30,28,30,0
5.543,10.11,30,28,30,0
5.551,8.16,30,28,30,0
5.555,4.54,30,28,30,0
5.560,4.94,30,28,30,0
5.565,4.56,30,28,30,0
5.570,4.69,30,28,30,0
5.614,44.80,30,28,30,0
5.619,5.08,30,28,30,0
5.624,4.88,30,28,30,0
5.629,4.44,30,28,30,0
5.633,4.47,30,28,30,0
5.638,5.00,30,28,30,0
5.644,5.25,30,28,30,0
5.649,5.11,30,28,30,0
5.654,4.91,30,28,30,0
5.658,4.45,30,28,30,0
5.662,4.17,30,28,30,0
5.667,5.02,30,28,30,0
5.671,4.13,30,28,30,0
5.676,4.76,30,28,30,0
5.682,5.47,30,28,30,0
5.686,4.53,30,28,30,0
5.690,4.39,30,28,30,0
5.696,5.33,30,28,30,0
5.702,5.89,30,28,30,0
5.707,4.91,30,28,30,0
5.712,5.83,30,28,30,0
5.718,5.51,30,28,30,0
5.723,4.62,30,28,30,0
5.727,4.74,30,28,30,0
5.732,4.93,30,28,30,0
5.737,4.41,30,28,30,0
5.742,5.01,30,28,30,0
5.747,5.51,30,28,30,0
5.752,5.16,30,28,30,0
5.757,4.48,30,28,30,0
5.762,4.71,30,28,30,0
5.767,5.35,30,28,30,0
5.773,6.36,30,28,30,0
5.780,6.33,30,28,30,0
5.784,4.51,30,28,30,0
5.789,5.34,30,28,30,0
5.795,5.60,30,28,30,0
5.799,4.48,30,28,30,0
5.804,4.57,30,28,30,0
5.809,5.44,30,28,30,0
5.814,4.98,30,28,30,0
5.820,5.42,30,28,30,0
5.825,5.14,30,28,30,0
5.830,5.19,30,28,30,0
5.836,6.01,30,28,30,0
5.842,6.09,30,28,30,0
5.848,5.56,30,28,30,0
5.853,4.71,30,28,30,0
5.858,5.02,30,28,30,0
5.862,4.73,30,28,30,0
5.867,4.77,30,28,30,0
5.872,4.60,30,28,30,0
5.915,42.93,30,28,30,0
5.920,5.56,30,28,30,0
5.925,4.47,30,28,30,0
5.929,4.26,30,28,30,0
5.933,4.56,30,28,30,0
5.938,4.61,30,28,30,0
5.942,4.37,30,28,30,0
5.947,4.88,30,28,30,0
5.954,6.38,30,28,30,0
5.958,4.71,30,28,30,0
5.964,5.49,30,28,30,0
5.969,5.36,30,28,30,0
5.974,5.21,30,28,30,0
5.980,5.17,30,28,30,0
5.986,6.80,30,28,30,0
5.992,5.46,30,28,30,0
5.997,5.37,30,28,30,0
6.003,5.57,30,28,30,0
6.007,4.61,30,28,30,0
6.012,4.79,30,28,30,0
6.019,6.57,30,28,30,0
6.025,5.89,30,28,30,0
6.030,5.52,30,28,30,0
6.035,4.95,30,28,30,0
6.041,5.31,30,28,30,0
6.045,4.83,30,28,30,0
6.051,5.81,30,28,30,0
6.056,5.00,30,28,30,0
6.061,4.74,30,28,30,0
6.065,4.32,30,28,30,0
6.070,4.69,30,28,30,0
6.075,5.19,30,28,30,0
6.080,4.51,30,28,30,0
6.087,7.42,30,28,30,0
6.092,4.69,30,28,30,0
6.096,4.43,30,28,30,0
6.102,5.51,30,28,30,0
6.110,7.95,30,28,30,0
6.115,4.92,30,28,30,0
6.120,5.71,30,28,30,0
6.127,6.52,30,28,30,0
6.132,4.84,30,28,30,0
6.136,4.81,30,28,30,0
6.142,5.72,30,28,30,0
6.147,4.47,30,28,30,0
6.153,6.38,30,28,30,0
6.158,5.41,30,28,30,0
6.163,4.89,30,28,30,0
6.168,4.92,30,28,30,0
6.174,5.73,30,28,30,0
6.221,47.38,30,28,30,0
6.227,5.91,30,28,30,0
6.233,5.96,30,28,30,0
6.238,4.72,30,28,30,0
6.243,5.03,30,28,30,0
6.247,4.49,30,28,30,0
6.253,5.84,30,28,30,0
6.259,6.21,30,28,30,0
6.264,4.99,30,28,30,0
6.269,4.52,30,28,30,0
6.275,5.92,30,28,30,0
6.279,4.38,30,28,30,0
6.284,4.50,30,28,30,0
6.289,5.02,30,28,30,0
6.294,4.90,30,28,30,0
6.299,5.62,30,28,30,0
6.304,5.18,30,28,30,0
6.310,5.94,30,28,30,0
6.316,5.18,30,28,30,0
6.321,5.25,30,28,30,0
6.326,5.04,30,28,30,0
6.331,5.33,30,28,30,0
6.336,4.50,30,28,30,0
6.341,5.26,30,28,30,0
6.347,6.12,30,28,30,0
6.354,6.72,30,28,30,0
6.360,5.82,30,28,30,0
6.365,5.52,30,28,30,0
6.371,6.01,30,28,30,0
6.376,4.75,30,28,30,0
6.381,4.74,30,28,30,0
6.387,6.25,30,28,30,0
6.393,6.13,30,28,30,0
6.399,5.60,30,28,30,0
6.404,5.53,30,28,30,0
6.411,6.84,30,28,30,0
6.418,6.79,30,28,30,0
6.425,7.05,30,28,30,0
6.430,5.28,30,28,30,0
6.436,5.43,30,28,30,0
6.441,5.08,30,28,30,0
6.446,5.31,30,28,30,0
6.455,9.19,30,28,30,0
6.462,6.97,30,28,30,0
6.467,4.90,30,28,30,0
6.472,4.86,30,28,30,0
6.477,5.13,30,28,30,0
6.522,45.04,30,28,30,0
6.528,6.39,30,28,30,0
6.533,4.13,30,28,30,0
6.537,4.25,30,28,30,0
6.541,4.52,30,28,30,0
6.546,4.38,30,28,30,0
6.550,4.13,30,28,30,0
6.554,4.52,30,28,30,0
6.559,4.79,30,28,30,0
6.563,4.22,30,28,30,0
6.567,4.08,30,28,30,0
6.572,4.38,30,28,30,0
6.576,3.90,30,28,30,0
6.580,3.90,30,28,30,0
6.586,6.04,30,28,30,0
6.591,5.19,30,28,30,0
6.595,4.56,30,28,30,0
6.600,4.74,30,28,30,0
6.605,4.69,30,28,30,0
6.609,4.33,30,28,30,0
6.613,3.98,30,28,30,0
6.620,7.26,30,28,30,0
6.625,4.35,30,28,30,0
6.629,4.57,30,28,30,0
6.634,4.34,30,28,30,0
6.638,4.18,30,28,30,0
6.643,4.90,30,28,30,0
6.648,4.74,30,28,30,0
6.652,4.88,30,28,30,0
6.656,3.87,30,28,30,0
6.661,4.69,30,28,30,0
6.666,4.60,30,28,30,0
6.670,4.23,30,28,30,0
6.675,4.91,30,28,30,0
6.681,6.10,30,28,30,0
6.685,4.33,30,28,30,0
6.689,4.15,30,28,30,0
6.694,4.75,30,28,30,0
6.699,4.66,30,28,30,0
6.703,4.40,30,28,30,0
6.708,4.83,30,28,30,0
6.712,4.55,30,28,30,0
6.718,5.43,30,28,30,0
6.722,4.26,30,28,30,0
6.727,5.08,30,28,30,0
6.732,4.68,30,28,30,0
6.738,5.61,30,28,30,0
6.742,4.42,30,28,30,0
6.746,4.25,30,28,30,0
6.751,4.50,30,28,30,0
6.756,5.11,30,28,30,0
6.760,4.07,30,28,30,0
6.764,4.04,30,28,30,0
6.769,5.27,30,28,30,0
6.775,5.84,30,28,30,0
6.785,9.92,30,28,30,0
6.828,42.91,31,29,31,0
6.833,5.27,31,29,31,0
6.837,4.18,31,29,31,0
6.842,4.23,31,29,31,0
6.846,4.53,31,29,31,0
6.853,6.67,31,29,31,0
6.857,4.08,31,29,31,0
6.862,5.20,31,29,31,0
6.867,4.65,31,29,31,0
6.871,4.05,31,29,31,0
6.875,4.17,31,29,31,0
6.879,4.39,31,29,31,0
6.885,6.15,31,29,31,0
6.890,4.42,31,29,31,0
6.894,4.56,31,29,31,0
6.899,4.17,31,29,31,0
6.903,4.85,31,29,31,0
6.908,4.82,31,29,31,0
6.913,4.87,31,29,31,0
6.918,4.85,31,29,31,0
6.923,4.84,31,29,31,0
6.929,6.05,31,29,31,0
6.934,5.29,31,29,31,0
6.939,5.05,31,29,31,0
6.945,5.93,31,29,31,0
6.950,4.44,31,29,31,0
6.954,4.31,31,29,31,0
6.958,4.48,31,29,31,0
6.963,4.11,31,29,31,0
6.968,5.46,31,29,31,0
6.974,5.61,31,29,31,0
6.978,4.34,31,29,31,0
6.983,4.95,31,29,31,0
6.989,6.00,31,29,31,0
6.994,5.15,31,29,31,0
6.999,5.30,31,29,31,0
7.004,4.77,31,29,31,0
7.008,4.27,31,29,31,0
7.013,4.12,31,29,31,0
7.018,5.24,31,29,31,0
7.022,4.21,31,29,31,0
7.027,4.87,31,29,31,0
7.031,4.59,31,29,31,0
7.037,5.24,31,29,31,0
7.041,4.65,31,29,31,0
7.046,5.09,31,29,31,0
7.052,5.25,31,29,31,0
7.056,4.25,31,29,31,0
7.060,4.44,31,29,31,0
7.066,6.13,31,29,31,0
7.071,4.65,31,29,31,0
7.076,4.68,31,29,31,0
7.080,4.69,31,29,31,0
7.085,4.73,31,29,31,0
7.135,50.14,31,29,31,0
7.142,6.19,31,29,31,0
7.146,4.26,31,29,31,0
7.150,4.03,31,29,31,0
7.157,6.84,31,29,31,0
7.162,5.40,31,29,31,0
7.168,5.92,31,29,31,0
7.174,5.92,31,29,31,0
7.178,4.51,31,29,31,0
7.183,5.02,31,29,31,0
7.189,5.11,31,29,31,0
7.193,4.14,31,29,31,0
7.197,4.14,31,29,31,0
7.202,5.36,31,29,31,0
7.209,6.33,31,29,31,0
7.213,4.46,32,30,32,0
7.222,8.57,32,30,32,0
7.226,4.37,33,31,33,0
7.231,5.47,33,31,33,0
7.238,6.78,33,31,33,0
7.244,5.71,33,31,33,0
7.249,5.53,33,31,33,0
7.255,5.17,33,31,33,0
7.260,4.95,33,31,33,0
7.266,6.57,33,31,33,1
7.271,5.11,34,32,34,1
7.279,7.38,34,32,34,1
7.284,4.99,34,32,34,1
7.288,4.38,34,32,34,1
7.293,4.91,34,32,34,1
7.298,4.83,34,32,34,1
7.303,5.09,34,32,34,1
7.308,5.13,34,32,34,2
7.313,4.68,35,32,35,2
7.319,6.10,35,32,35,4
7.324,5.40,37,32,37,6
7.330,5.77,39,32,39,9
7.335,4.90,42,32,42,12
7.340,5.03,45,32,45,14
7.344,4.50,47,32,47,16
7.349,4.43,49,32,49,18
7.353,4.62,51,32,51,20
7.359,5.24,53,32,53,22
7.363,4.88,55,32,55,24
7.369,5.32,57,32,57,27
7.373,4.65,60,32,60,29
7.378,4.97,62,32,62,31
7.383,4.42,64,32,64,33
7.388,5.08,66,32,66,35
7.393,4.97,68,32,68,38
7.398,4.76,71,32,71,40
7.403,5.27,73,32,73,42
7.408,5.16,75,32,75,44
7.413,4.73,77,32,77,47
7.418,4.86,80,32,80,49
7.423,5.32,82,32,82,51
7.428,5.38,84,32,84,53
7.434,5.68,86,33,86,56
7.440,5.86,89,33,89,58
7.445,4.88,91,33,91,61
7.450,5.35,94,33,94,63
7.455,5.05,96,33,96,66
7.461,6.24,99,33,99,68
7.467,5.49,101,33,101,71
7.472,4.72,104,33,104,73
7.477,5.76,106,33,106,75
7.529,51.90,108,33,108,78
7.537,7.32,111,33,111,101
7.543,6.35,134,33,134,105
7.549,5.64,138,33,138,107
7.555,6.28,140,33,140,110
7.560,5.18,143,33,143,113
7.566,5.71,146,33,146,115
7.571,5.28,148,33,148,118
7.577,6.19,151,33,151,120
7.583,5.39,153,33,153,123
7.587,4.46,156,33,156,125
7.594,7.36,158,33,158,127
7.599,4.76,160,33,160,131
7.604,4.87,164,33,164,133
7.609,5.40,166,33,166,135
7.614,4.52,168,33,168,137
7.619,4.87,170,33,170,139
7.625,6.22,172,33,172,142
7.630,4.85,175,33,175,144
7.637,7.22,177,33,177,147
7.642,5.24,180,33,180,150
7.647,4.57,183,33,183,152
7.652,5.11,185,33,185,154
7.658,6.21,187,33,187,156
7.663,4.97,189,33,189,159
7.670,6.48,192,33,192,162
7.676,6.18,195,33,195,164
7.681,5.06,197,33,197,167
7.687,6.32,200,33,200,169
7.693,5.37,202,33,202,172
7.698,5.51,205,33,205,175
7.703,5.14,208,33,208,177
7.708,4.66,210,33,210,180
7.713,5.06,213,33,213,182
7.718,5.16,215,33,215,184
7.724,5.77,217,33,217,186
7.729,4.98,219,33,219,189
7.734,5.37,222,33,222,191
7.740,5.96,224,33,224,193
7.745,5.01,226,33,226,196
7.750,5.12,229,33,229,198
7.756,5.20,231,33,231,201
7.761,5.81,234,33,234,203
7.767,5.89,236,33,236,206
7.772,5.11,239,33,239,208
7.779,6.25,241,33,241,211
7.832,53.15,244,33,244,213
7.839,7.59,246,33,246,237
7.845,6.16,270,35,270,241
7.851,5.09,274,35,274,244
7.858,7.05,277,35,277,246
7.863,5.05,279,35,279,249
7.870,6.89,281,33,281,251
7.876,5.95,283,33,283,254
7.881,5.76,286,33,286,257
7.887,5.83,289,33,289,260
7.893,5.72,292,33,292,262
7.898,5.64,294,33,294,265
7.904,5.55,297,33,297,267
7.910,5.60,299,33,299,270
7.915,5.67,302,33,302,272
7.921,5.97,304,33,304,275
7.926,4.92,307,33,307,278
7.932,5.65,310,33,310,280
7.937,5.18,312,33,312,282
7.942,4.61,314,33,314,285
7.947,5.27,317,33,317,287
7.952,5.45,318,32,318,289
7.959,6.40,320,32,320,292
7.964,5.73,323,32,323,295
7.972,7.54,326,32,326,297
7.979,6.77,328,32,328,300
7.984,5.55,331,32,331,304
7.990,5.34,335,32,335,306
7.996,6.31,337,32,337,308
8.001,5.49,339,32,339,311
8.006,4.76,342,32,342,314
8.011,5.27,345,32,345,316
8.016,4.76,347,32,347,318
8.022,5.28,349,32,349,320
8.029,7.15,351,32,351,323
8.035,6.38,354,32,354,326
8.041,5.82,357,32,357,329
8.047,6.48,360,32,360,331
8.052,4.87,362,32,362,334
8.058,6.17,365,32,365,337
8.064,5.24,368,32,368,339
8.069,5.41,369,32,369,342
8.074,5.43,372,32,372,344
8.080,5.27,373,32,373,347
8.134,54.67,376,32,376,349
8.140,5.78,378,32,378,374
8.145,5.16,399,32,399,376
8.150,5.00,401,32,401,378
8.156,5.19,402,32,402,381
8.161,5.57,404,32,404,383
8.168,6.58,406,32,406,386
8.174,5.99,409,32,409,389
8.179,5.70,412,32,412,391
8.186,6.30,414,32,414,394
8.191,5.80,416,32,416,397
8.198,6.23,418,32,418,399
8.204,5.78,420,32,420,402
8.209,5.68,423,32,423,405
8.215,6.22,426,32,426,407
8.221,5.27,426,32,426,410
8.226,5.61,429,32,429,412
8.233,6.88,431,32,431,415
8.240,6.41,434,32,434,418
8.247,6.96,437,32,437,421
8.253,6.90,439,32,439,424
8.260,6.22,440,32,440,427
8.265,5.85,443,32,443,430
8.271,5.40,446,32,446,433
8.277,5.62,447,32,447,435
8.282,5.15,446,32,446,438
8.287,5.07,448,32,448,440
8.293,5.89,450,32,450,442
8.298,5.29,452,32,452,445
8.303,5.22,454,32,454,447
8.309,6.11,456,32,456,449
8.314,5.11,456,32,456,452
8.320,5.92,459,32,459,455
8.327,6.70,460,32,460,457
8.333,5.75,462,32,462,460
8.339,6.49,464,32,464,463
8.345,5.69,464,32,464,466
8.350,5.12,467,32,467,468
8.356,6.08,469,32,469,471
8.362,6.06,470,32,470,473
8.368,5.68,471,32,471,476
8.374,5.66,474,32,474,479
8.380,6.81,477,32,477,481
8.435,54.97,477,32,477,484
8.442,6.56,479,32,479,509
8.448,5.86,487,32,487,512
8.454,6.46,487,32,487,515
8.460,6.16,489,32,489,517
8.465,5.05,491,32,491,520
8.471,5.12,493,32,493,523
8.477,6.74,495,32,495,525
8.491,13.27,496,32,496,528
8.497,6.37,497,32,497,534
8.502,5.43,499,32,499,537
8.508,5.54,501,32,501,539
8.514,5.66,502,32,502,542
8.519,5.62,505,32,505,544
8.526,6.54,506,32,506,547
8.533,6.98,506,32,506,550
8.539,6.23,507,32,507,553
8.545,5.80,507,32,507,556
8.550,5.27,507,32,507,558
8.557,7.46,506,32,506,561
8.563,5.48,507,32,507,564
8.569,6.03,510,32,510,566
8.575,6.35,512,32,512,569
8.581,5.94,515,32,515,572
8.587,5.96,518,32,518,575
8.593,5.60,519,32,519,577
8.598,5.66,520,32,520,580
8.604,5.31,523,33,523,582
8.609,5.37,523,33,523,585
8.616,6.45,526,33,526,587
8.621,5.77,524,33,524,590
8.627,5.66,526,33,526,593
8.633,6.36,526,33,526,595
8.639,5.52,528,33,528,598
8.645,5.61,529,33,529,600
8.650,5.32,528,33,528,600
8.655,5.17,524,33,524,600
8.660,5.31,523,33,523,600
8.666,5.46,523,33,523,596
8.671,5.71,520,32,520,598
8.678,6.65,522,33,522,597
8.685,6.70,522,33,522,597
8.742,57.50,523,33,523,596
8.750,7.26,524,33,524,576
8.756,6.54,514,32,514,596
8.762,6.15,533,33,533,597
8.769,6.87,534,33,534,598
8.776,6.71,531,33,531,596
8.782,6.64,531,33,531,597
8.790,7.43,531,33,531,598
8.796,6.26,533,33,533,595
8.803,6.34,530,33,530,597
8.808,5.71,532,33,532,598
8.814,6.11,533,33,533,597
8.820,5.47,531,33,531,595
8.825,5.01,529,33,529,593
8.830,5.35,525,33,525,590
8.836,5.81,522,33,522,567
8.841,5.33,510,32,510,567
8.847,5.90,510,32,510,567
8.853,5.57,510,32,510,567
8.858,5.15,506,32,506,567
8.863,5.48,505,32,505,567
8.869,5.40,504,32,504,567
8.875,6.39,502,32,502,567
8.881,5.50,499,32,499,567
8.886,5.15,498,32,498,563
8.891,5.07,497,32,497,563
8.896,5.18,497,32,497,561
8.902,5.67,496,32,496,558
8.907,5.69,492,32,492,555
8.913,6.00,490,32,490,553
8.919,5.60,488,32,488,550
8.924,5.32,486,32,486,548
8.930,5.10,486,32,486,545
8.935,5.26,484,32,484,543
8.940,5.62,478,32,478,541
8.946,5.42,476,32,476,537
8.952,6.13,474,31,474,535
8.959,7.10,472,31,472,533
8.965,6.02,471,31,471,531
8.971,6.10,467,31,467,526
8.978,6.47,463,31,463,524
8.983,5.54,458,31,458,521
8.989,5.58,454,31,454,518
9.039,50.24,454,31,454,516
9.045,6.01,449,31,449,493
9.052,6.74,423,31,423,491
9.057,5.02,418,31,418,488
9.062,5.18,418,31,418,486
9.068,6.49,417,31,417,484
9.074,5.13,415,31,415,479
9.079,5.30,413,31,413,479
9.084,5.09,412,31,412,475
9.089,5.00,410,31,410,475
9.095,5.81,409,31,409,472
9.100,5.07,407,31,407,470
9.106,5.70,402,31,402,467
9.111,5.66,398,31,398,462
9.116,5.16,395,31,395,462
9.122,5.46,393,31,393,460
9.128,6.10,391,31,391,457
9.134,5.73,389,31,389,455
9.139,5.76,388,31,388,431
9.145,5.73,374,31,374,431
9.151,5.92,372,31,372,431
9.157,5.65,371,31,371,431
9.163,6.19,369,31,369,431
9.168,5.47,367,31,367,431
9.174,5.88,367,31,367,431
9.179,5.03,366,31,366,431
9.185,5.35,364,31,364,431
9.190,5.77,362,31,362,427
9.196,5.50,357,31,357,424
9.202,6.55,357,31,357,422
9.208,5.50,352,31,352,419
9.214,5.99,349,31,349,417
9.220,5.75,349,31,349,414
9.225,5.28,344,31,344,411
9.230,5.09,343,31,343,411
9.235,5.16,340,31,340,408
9.241,5.99,338,31,338,406
9.247,5.97,336,31,336,403
9.253,6.03,333,31,333,401
9.259,5.35,328,31,328,398
9.264,5.43,324,31,324,396
9.270,6.41,324,31,324,393
9.276,5.54,322,31,322,390
9.282,6.17,318,31,318,388
9.287,4.97,317,31,317,383
9.293,5.72,312,31,312,381
9.342,49.31,311,31,311,379
9.347,5.28,307,31,307,357
9.352,4.93,286,31,286,354
9.358,5.84,286,31,286,352
9.364,5.52,284,31,284,350
9.369,5.46,281,31,281,348
9.375,5.57,278,31,278,345
9.380,5.09,277,31,277,342
9.384,4.66,274,31,274,339
9.390,5.33,273,31,273,339
9.397,7.23,270,31,270,337
9.402,5.11,268,31,268,334
9.407,5.31,265,31,265,331
9.413,5.94,263,29,263,329
9.419,5.28,263,29,263,326
9.424,5.53,262,29,262,324
9.431,6.76,258,29,258,321
9.436,5.39,254,29,254,294
9.442,5.30,245,29,245,294
9.447,5.03,243,29,243,294
9.453,5.97,242,29,242,294
9.460,6.90,240,29,240,294
9.465,5.05,238,29,238,294
9.471,5.92,234,29,234,294
9.476,5.18,233,29,233,294
9.482,5.82,232,29,232,294
9.487,5.17,229,29,229,294
9.493,5.92,225,29,225,292
9.498,5.38,223,29,223,290
9.503,5.28,220,29,220,287
9.508,5.00,217,29,217,285
9.514,5.42,215,29,215,282
9.519,4.87,212,29,212,279
9.523,4.62,209,29,209,277
9.529,6.29,207,29,207,277
9.536,6.32,205,29,205,271
9.542,6.28,202,29,202,269
9.547,5.16,198,29,198,266
9.552,4.60,197,29,197,266
9.557,5.20,195,29,195,263
9.564,7.03,195,29,195,261
9.569,5.10,195,29,195,258
9.577,7.45,194,29,194,256
9.581,4.84,190,29,190,250
9.588,6.12,187,29,187,250
9.594,5.96,185,29,185,247
9.641,47.91,184,29,184,244
9.646,5.00,181,29,181,223
9.651,4.69,163,29,163,221
9.657,6.29,161,29,161,219
9.664,6.83,160,29,160,216
9.671,6.56,158,29,158,213
9.677,5.98,156,29,156,208
9.682,5.12,153,29,153,208
9.688,6.10,152,29,152,205
9.693,5.34,148,29,148,202
9.699,5.53,147,29,147,200
9.705,5.90,144,29,144,197
9.710,4.73,140,29,140,195
9.715,5.18,137,29,137,192
9.719,4.72,135,29,135,189
9.724,4.43,133,29,133,187
9.730,6.03,132,29,132,184
9.734,4.43,130,29,130,184
9.740,5.99,129,29,129,159
9.746,5.46,118,29,118,159
9.750,4.59,117,29,117,159
9.755,4.87,116,29,116,159
9.761,6.01,116,29,116,159
9.766,4.93,116,29,116,159
9.771,4.93,115,29,115,159
9.777,6.09,115,29,115,159
9.782,4.57,114,29,114,159
9.786,4.29,113,29,113,159
9.791,4.96,112,29,112,156
9.796,4.74,110,29,110,156
9.800,4.59,109,29,109,153
9.806,5.27,107,29,107,151
9.811,5.02,106,29,106,148
9.815,4.60,105,29,105,145
9.820,4.98,103,29,103,145
9.825,4.84,102,29,102,143
9.832,7.03,100,29,100,140
9.838,6.07,99,29,99,134
9.843,5.24,94,29,94,134
9.848,5.10,93,29,93,131
9.854,5.68,90,29,90,129
9.859,4.97,90,29,90,126
9.864,5.32,89,29,89,124
9.870,5.30,88,29,88,121
9.875,5.61,85,29,85,118
9.880,5.00,82,29,82,118
9.886,5.49,82,29,82,115
9.891,4.89,81,29,81,112
9.896,5.33,79,29,79,110
9.945,48.60,78,29,78,107
9.950,5.25,74,29,74,86
9.955,4.84,60,29,60,83
9.960,5.20,56,29,56,81
9.966,6.12,56,29,56,78
9.971,4.74,54,29,54,75
9.976,4.87,53,29,53,75
9.981,5.13,52,29,52,73
9.985,4.21,52,29,52,70
9.989,4.38,52,29,52,68
9.995,5.93,51,29,51,68
10.002,6.71,51,29,51,68
10.008,5.82,51,29,51,68
10.013,5.08,51,29,51,68
10.018,4.90,50,29,50,64
10.023,4.80,50,29,50,62
10.027,4.64,49,29,49,59
10.033,5.25,49,29,49,59
10.037,4.88,49,29,49,56
10.042,4.69,48,29,48,52
10.046,4.38,47,29,47,52
10.051,4.35,47,29,47,52
10.056,5.54,47,29,47,52
10.062,5.87,47,29,47,52
10.067,4.69,47,29,47,52
10.072,4.61,47,29,47,52
10.076,4.17,47,29,47,52
10.080,4.30,47,29,47,52
10.085,4.91,47,29,47,52
10.091,5.90,47,29,47,52
10.096,5.31,46,29,46,52
10.101,5.12,46,29,46,28
10.106,4.85,39,29,39,24
10.110,4.39,39,29,39,24
10.115,4.72,39,29,39,21
10.120,4.64,37,29,37,19
10.124,4.06,36,29,36,15
10.129,5.48,34,29,34,15
10.134,4.57,34,29,34,12
10.140,5.80,33,29,33,10
10.144,4.67,33,29,33,10
10.149,4.68,33,29,33,5
10.153,4.25,33,29,33,2
10.158,4.34,32,29,32,0
10.163,4.89,30,28,30,0
10.168,4.91,30,28,30,0
10.172,4.66,30,28,30,0
10.180,7.60,30,28,30,0
10.184,4.17,30,28,30,0
10.188,4.49,30,28,30,0
10.193,4.81,30,28,30,0
10.198,4.45,30,28,30,0
10.241,43.48,30,28,30,0
10.246,4.62,30,28,30,0
10.252,5.99,30,28,30,0
10.257,5.05,30,28,30,0
10.261,4.28,30,28,30,0
10.266,5.09,30,28,30,0
10.271,4.73,30,28,30,0
10.275,3.99,30,28,30,0
10.280,5.40,30,28,30,0
10.285,4.97,30,28,30,0
10.292,6.92,30,28,30,0
10.297,4.81,30,28,30,0
10.302,4.53,30,28,30,0
10.306,4.13,30,28,30,0
10.310,4.11,30,28,30,0
10.315,5.02,30,28,30,0
10.320,5.50,30,28,30,0
10.325,4.65,30,28,30,0
10.330,5.49,30,28,30,0
10.335,4.60,30,28,30,0
10.340,5.13,30,28,30,0
10.345,4.99,30,28,30,0
10.350,5.05,30,28,30,0
10.355,4.39,30,28,30,0
10.359,4.87,30,28,30,0
10.364,4.69,30,28,30,0
10.370,5.71,30,28,30,0
10.375,5.13,30,28,30,0
10.380,5.14,30,28,30,0
10.385,4.63,30,28,30,0
10.390,5.10,30,28,30,0
10.395,4.91,30,28,30,0
10.399,4.49,30,28,30,0
10.404,4.81,30,28,30,0
10.409,4.68,30,28,30,0
10.413,4.19,30,28,30,0
10.417,4.20,30,28,30,0
10.422,4.54,30,28,30,0
10.426,4.65,30,28,30,0
10.431,4.69,30,28,30,0
10.436,4.88,30,28,30,0
10.441,4.63,30,28,30,0
10.446,5.60,30,28,30,0
10.451,4.91,30,28,30,0
10.457,5.65,30,28,30,0
10.462,5.65,30,28,30,0
10.470,7.17,30,28,30,0
10.474,4.68,30,28,30,0
10.479,4.72,30,28,30,0
10.483,4.50,30,28,30,0
10.488,4.18,30,28,30,0
10.492,4.26,30,28,30,0
10.497,5.19,30,28,30,0
10.503,5.69,30,28,30,0
10.547,43.99,30,28,30,0
10.551,4.64,30,28,30,0
10.556,4.46,30,28,30,0
10.561,5.21,30,28,30,0
10.567,5.73,30,28,30,0
10.572,4.67,30,28,30,0
10.576,4.76,30,28,30,0
10.581,4.36,30,28,30,0
10.585,4.08,30,28,30,0
10.590,5.14,30,28,30,0
10.594,4.59,30,28,30,0
10.600,5.57,30,28,30,0
10.605,4.59,30,28,30,0
10.609,4.28,30,28,30,0
10.613,4.20,30,28,30,0
10.618,4.62,30,28,30,0
10.624,6.73,30,28,30,0
10.629,4.99,30,28,30,0
10.634,4.99,30,28,30,0
10.639,4.63,30,28,30,0
10.643,3.97,30,28,30,0
10.647,4.19,30,28,30,0
10.652,4.35,30,28,30,0
10.656,4.40,30,28,30,0
10.662,6.32,30,28,30,0
10.670,7.30,30,28,30,0
10.674,4.82,30,28,30,0
10.679,4.56,30,28,30,0
10.684,4.84,30,28,30,0
10.688,4.61,30,28,30,0
10.692,4.06,30,28,30,0
10.697,4.61,30,28,30,0
10.702,4.63,30,28,30,0
10.706,4.11,30,28,30,0
10.710,4.23,30,28,30,0
10.715,4.80,30,28,30,0
10.720,4.68,30,28,30,0
10.724,4.33,30,28,30,0
10.729,5.08,30,28,30,0
10.734,5.18,30,28,30,0
10.739,4.63,30,28,30,0
10.743,4.55,30,28,30,0
10.748,4.81,30,28,30,0
10.752,4.20,30,28,30,0
10.757,4.76,30,28,30,0
10.763,5.54,30,28,30,0
10.767,4.82,30,28,30,0
10.772,4.17,30,28,30,0
10.776,4.36,30,28,30,0
10.780,4.49,30,28,30,0
10.785,4.30,30,28,30,0
10.789,4.45,30,28,30,0
10.795,5.50,30,28,30,0
10.800,5.01,30,28,30,0
10.804,4.20,30,28,30,0
10.848,44.40,30,28,30,0
10.853,4.75,30,28,30,0
10.859,5.58,30,28,30,0
10.863,4.64,30,28,30,0
10.868,4.48,30,28,30,0
10.874,6.53,30,28,30,0
10.880,5.90,30,28,30,0
10.885,4.69,30,28,30,0
10.890,4.95,30,28,30,0
10.894,4.32,30,28,30,0
10.900,6.22,30,28,30,0
10.905,4.60,30,28,30,0
10.909,4.44,30,28,30,0
10.915,5.31,30,28,30,0
10.919,4.65,30,28,30,0
10.924,4.71,30,28,30,0
10.928,4.02,30,28,30,0
10.935,6.42,30,28,30,0
10.939,4.55,30,28,30,0
10.943,4.16,30,28,30,0
10.948,4.39,30,28,30,0
10.952,4.45,30,28,30,0
10.956,4.29,30,28,30,0
10.961,4.25,30,28,30,0
10.968,7.13,30,28,30,0
10.972,4.52,30,28,30,0
10.977,4.64,30,28,30,0
10.982,5.24,30,28,30,0
10.987,4.67,30,28,30,0
10.991,4.29,30,28,30,0
10.997,5.88,30,28,30,0
11.002,4.76,30,28,30,0
11.006,4.74,30,28,30,0
11.011,4.77,30,28,30,0
11.016,4.29,30,28,30,0
11.020,4.32,30,28,30,0
11.025,5.07,30,28,30,0
11.030,5.00,30,28,30,0
11.034,4.34,30,28,30,0
11.039,4.68,30,28,30,0
11.043,4.46,30,28,30,0
11.049,5.10,30,28,30,0
11.053,4.39,30,28,30,0
11.059,5.78,30,28,30,0
11.064,4.94,30,28,30,0
11.069,5.41,30,28,30,0
11.074,5.42,30,28,30,0
11.080,5.44,30,28,30,0
11.086,5.88,30,28,30,0
11.092,5.89,30,28,30,0
11.096,4.48,30,28,30,0
11.101,5.00,30,28,30,0
11.106,4.48,30,28,30,0
11.150,44.59,30,28,30,0
11.156,5.92,30,28,30,0
11.162,6.08,30,28,30,0
11.167,5.04,30,28,30,0
11.171,4.24,30,28,30,0
11.177,5.52,30,28,30,0
11.182,4.91,30,28,30,0
11.186,4.04,30,28,30,0
11.190,4.36,30,28,30,0
11.195,4.81,30,28,30,0
11.201,6.10,30,28,30,0
11.206,5.02,30,28,30,0
11.212,5.56,30,28,30,0
11.217,5.49,30,28,30,0
11.223,6.13,30,28,30,0
11.228,4.39,30,28,30,0
11.233,5.54,30,28,30,0
11.238,4.92,30,28,30,0
11.243,4.80,30,28,30,0
11.249,5.70,30,28,30,0
11.254,5.31,30,28,30,0
11.259,4.74,30,28,30,0
11.263,4.65,30,28,30,0
11.269,5.13,30,28,30,0
11.274,5.09,30,28,30,0
11.278,4.45,30,28,30,0
11.283,4.43,30,28,30,0
11.287,4.55,30,28,30,0
11.292,4.36,30,28,30,0
11.296,4.47,30,28,30,0
11.301,5.27,30,28,30,0
11.306,5.02,30,28,30,0
11.310,4.02,30,28,30,0
11.315,4.38,30,28,30,0
11.320,4.92,30,28,30,0
11.324,4.54,30,28,30,0
11.329,4.97,30,28,30,0
11.335,5.56,30,28,30,0
11.339,4.64,30,28,30,0
11.344,4.69,30,28,30,0
11.348,4.46,30,28,30,0
11.352,4.01,30,28,30,0
11.357,4.54,30,28,30,0
11.362,5.11,30,28,30,0
11.367,4.57,30,28,30,0
11.372,5.43,30,28,30,0
11.377,4.81,30,28,30,0
11.381,4.05,30,28,30,0
11.385,4.21,30,28,30,0
11.390,4.45,30,28,30,0
11.394,4.31,30,28,30,0
11.401,6.89,30,28,30,0
11.406,5.17,30,28,30,0
11.449,43.46,30,28,30,0
11.457,7.55,30,28,30,0
11.462,4.70,30,28,30,0
11.466,4.14,30,28,30,0
11.471,4.84,30,28,30,0
11.476,5.04,30,28,30,0
11.481,5.48,30,28,30,0
11.487,5.49,30,28,30,0
11.491,4.78,30,28,30,0
11.498,6.27,30,28,30,0
11.503,5.73,30,28,30,0
11.509,5.19,30,28,30,0
11.514,4.95,30,28,30,0
11.518,4.72,30,28,30,0
11.523,4.76,30,28,30,0
11.527,4.25,30,28,30,0
11.533,5.84,30,28,30,0
11.538,4.64,30,28,30,0
11.542,4.04,30,28,30,0
11.546,4.63,30,28,30,0
11.551,4.78,30,28,30,0
11.555,4.15,30,28,30,0
11.560,4.62,30,28,30,0
11.566,5.91,30,28,30,0
11.571,5.18,30,28,30,0
11.576,4.71,30,28,30,0
11.582,5.89,30,28,30,0
11.586,4.13,30,28,30,0
11.590,4.31,30,28,30,0
11.595,4.91,30,28,30,0
11.600,4.74,30,28,30,0
11.605,4.86,30,28,30,0
11.611,6.74,30,28,30,0
11.616,4.26,30,28,30,0
11.620,4.38,30,28,30,0
11.625,4.94,30,28,30,0
11.630,5.10,30,28,30,0
11.634,4.11,30,28,30,0
11.639,5.25,30,28,30,0
11.644,4.61,30,28,30,0
11.648,4.29,30,28,30,0
11.653,4.88,30,28,30,0
11.658,4.75,30,28,30,0
11.665,7.39,30,28,30,0
11.670,5.11,30,28,30,0
11.675,4.42,30,28,30,0
11.680,4.89,30,28,30,0
11.686,6.57,30,28,30,0
11.691,4.96,30,28,30,0
11.696,5.08,30,28,30,0
11.702,5.30,30,28,30,0
11.707,5.05,30,28,30,0
11.750,43.52,30,28,30,0
11.755,5.13,30,28,30,0
11.760,4.90,30,28,30,0
11.765,5.20,30,28,30,0
11.770,4.77,30,28,30,0
11.775,4.75,30,28,30,0
11.780,5.35,30,28,30,0
11.785,4.36,30,28,30,0
11.789,4.68,30,28,30,0
11.794,5.04,30,28,30,0
11.799,4.62,30,28,30,0
11.803,4.01,30,28,30,0
11.807,4.47,30,28,30,0
11.812,4.56,30,28,30,0
11.816,4.40,30,28,30,0
11.821,4.32,30,28,30,0
11.825,4.42,30,28,30,0
11.830,4.82,30,28,30,0
11.837,6.64,30,28,30,0
11.841,4.80,30,28,30,0
11.846,4.18,30,28,30,0
11.850,4.60,30,28,30,0
11.855,4.83,30,28,30,0
11.860,4.79,30,28,30,0
11.865,4.66,30,28,30,0
11.871,6.30,30,28,30,0
11.877,5.71,30,28,30,0
11.883,6.31,30,28,30,0
11.888,5.22,30,28,30,0
11.893,5.00,30,28,30,0
11.898,4.70,30,28,30,0
11.905,6.81,30,28,30,0
11.910,5.41,30,28,30,0
11.915,5.34,30,28,30,0
11.920,4.67,30,28,30,0
11.924,4.40,30,28,30,0
11.930,6.02,30,28,30,0
11.936,5.76,30,28,30,0
11.941,4.50,30,28,30,0
11.945,4.46,30,28,30,0
11.950,4.75,30,28,30,0
11.954,4.29,30,28,30,0
11.960,5.60,30,28,30,0
11.966,5.79,30,28,30,0
11.970,4.81,30,28,30,0
11.975,4.45,30,28,30,0
11.980,4.99,30,28,30,0
11.984,4.08,30,28,30,0
11.988,4.44,30,28,30,0
11.994,6.08,30,28,30,0
11.999,5.01,30,28,30,0
12.005,5.33,30,28,30,0
12.009,4.41,30,28,30,0
12.052,42.82,30,28,30,0
